Design Name,Type,Tile Design Image Path,Design Preview Image Path,Size,Tile Class,Characteristics
ARTIC BEIGE,Glazed Vitrified Tiles,extracted_images\60x60 MATT\ARTIC BEIGE_tile_design.png,extracted_images\60x60 MATT\ARTIC BEIGE_design_preview.png,60x60em,Matt Finish,"Wall Tiles / Floor Tiles, Random Design, Fire Resistance, Easy Maintenance, Residential / Commercial Area"
BLAZE BEIGE,Glazed Vitrified Tiles,extracted_images\60x60 MATT\BLAZE BEIGE_tile_design.png,extracted_images\60x60 MATT\BLAZE BEIGE_design_preview.png,60x60em,Matt Finish,"Wall Tiles / Floor Tiles, Random Design, Fire Resistance, Easy Maintenance, Residential / Commercial Area"
BLAZE BIANCO,Glazed Vitrified Tiles,extracted_images\60x60 MATT\BLAZE BIANCO_tile_design.png,extracted_images\60x60 MATT\BLAZE BIANCO_design_preview.png,60x60em,Matt Finish,"Wall Tiles / Floor Tiles, Random Design, Fire Resistance, Easy Maintenance, Residential / Commercial Area"
BLAZE GREY,Glazed Vitrified Tiles,extracted_images\60x60 MATT\BLAZE GREY_tile_design.png,extracted_images\60x60 MATT\BLAZE GREY_design_preview.png,60x60em,Matt Finish,"Wall Tiles / Floor Tiles, Random Design, Fire Resistance, Easy Maintenance, Residential / Commercial Area"
BRUNEI GREY,Glazed Vitrified Tiles,extracted_images\60x60 MATT\BRUNEI GREY_tile_design.png,extracted_images\60x60 MATT\BRUNEI GREY_design_preview.png,60x60em,Matt Finish,"Wall Tiles / Floor Tiles, Random Design, Fire Resistance, Easy Maintenance, Residential / Commercial Area"
BRUNEI IVORY,Glazed Vitrified Tiles,extracted_images\60x60 MATT\BRUNEI IVORY_tile_design.png,extracted_images\60x60 MATT\BRUNEI IVORY_design_preview.png,60x60em,Matt Finish,"Wall Tiles / Floor Tiles, Random Design, Fire Resistance, Easy Maintenance, Residential / Commercial Area"
DELAWARE BLUE,Glazed Vitrified Tiles,extracted_images\60x60 MATT\DELAWARE BLUE_tile_design.png,extracted_images\60x60 MATT\DELAWARE BLUE_design_preview.png,60x60em,Matt Finish,"Wall Tiles / Floor Tiles, Random Design, Fire Resistance, Easy Maintenance, Residential / Commercial Area"
DELAWARE BROWN,Glazed Vitrified Tiles,extracted_images\60x60 MATT\DELAWARE BROWN_tile_design.png,extracted_images\60x60 MATT\DELAWARE BROWN_design_preview.png,60x60em,Matt Finish,"Wall Tiles / Floor Tiles, Random Design, Fire Resistance, Easy Maintenance, Residential / Commercial Area"
EMOTION BIANCO,Glazed Vitrified Tiles,extracted_images\60x60 MATT\EMOTION BIANCO_tile_design.png,extracted_images\60x60 MATT\EMOTION BIANCO_design_preview.png,60x60em,Matt Finish,"Wall Tiles / Floor Tiles, Random Design, Fire Resistance, Easy Maintenance, Residential / Commercial Area"
EMOTION CREMA,Glazed Vitrified Tiles,extracted_images\60x60 MATT\EMOTION CREMA_tile_design.png,extracted_images\60x60 MATT\EMOTION CREMA_design_preview.png,60x60em,Matt Finish,"Wall Tiles / Floor Tiles, Random Design, Fire Resistance, Easy Maintenance, Residential / Commercial Area"
EMOTION GREY,Glazed Vitrified Tiles,extracted_images\60x60 MATT\EMOTION GREY_tile_design.png,extracted_images\60x60 MATT\EMOTION GREY_design_preview.png,60x60em,Matt Finish,"Wall Tiles / Floor Tiles, Random Design, Fire Resistance, Easy Maintenance, Residential / Commercial Area"
ESPRESSO BROWN,Glazed Vitrified Tiles,extracted_images\60x60 MATT\ESPRESSO BROWN_tile_design.png,extracted_images\60x60 MATT\ESPRESSO BROWN_design_preview.png,60x60em,Matt Finish,"Wall Tiles / Floor Tiles, Random Design, Fire Resistance, Easy Maintenance, Residential / Commercial Area"
ESPRESSO EBONY,Glazed Vitrified Tiles,extracted_images\60x60 MATT\ESPRESSO EBONY_tile_design.png,extracted_images\60x60 MATT\ESPRESSO EBONY_design_preview.png,60x60em,Matt Finish,"Wall Tiles / Floor Tiles, Random Design, Fire Resistance, Easy Maintenance, Residential / Commercial Area"
FOREST BEIGE,Glazed Vitrified Tiles,extracted_images\60x60 MATT\FOREST BEIGE_tile_design.png,extracted_images\60x60 MATT\FOREST BEIGE_design_preview.png,60x60em,Matt Finish,"Wall Tiles / Floor Tiles, Random Design, Fire Resistance, Easy Maintenance, Residential / Commercial Area"
INDUSTRIAL TRONC,Glazed Vitrified Tiles,extracted_images\60x60 MATT\INDUSTRIAL TRONC_tile_design.png,extracted_images\60x60 MATT\INDUSTRIAL TRONC_design_preview.png,60x60em,Matt Finish,"Wall Tiles / Floor Tiles, Random Design, Fire Resistance, Easy Maintenance, Residential / Commercial Area"
INDUSTRIAL VINTAC,Glazed Vitrified Tiles,extracted_images\60x60 MATT\INDUSTRIAL VINTAC_tile_design.png,extracted_images\60x60 MATT\INDUSTRIAL VINTAC_design_preview.png,60x60em,Matt Finish,"Wall Tiles / Floor Tiles, Random Design, Fire Resistance, Easy Maintenance, Residential / Commercial Area"
MAPLE GREY,Glazed Vitrified Tiles,extracted_images\60x60 MATT\MAPLE GREY_tile_design.png,extracted_images\60x60 MATT\MAPLE GREY_design_preview.png,60x60em,Matt Finish,"Wall Tiles / Floor Tiles, Random Design, Fire Resistance, Easy Maintenance, Residential / Commercial Area"
MAPLE WENGE,Glazed Vitrified Tiles,extracted_images\60x60 MATT\MAPLE WENGE_tile_design.png,extracted_images\60x60 MATT\MAPLE WENGE_design_preview.png,60x60em,Matt Finish,"Wall Tiles / Floor Tiles, Random Design, Fire Resistance, Easy Maintenance, Residential / Commercial Area"
MOSAIC GREEN,Glazed Vitrified Tiles,extracted_images\60x60 MATT\MOSAIC GREEN_tile_design.png,extracted_images\60x60 MATT\MOSAIC GREEN_design_preview.png,60x60em,Matt Finish,"Wall Tiles / Floor Tiles, Random Design, Fire Resistance, Easy Maintenance, Residential / Commercial Area"
NEBRASKA ASH,Glazed Vitrified Tiles,extracted_images\60x60 MATT\NEBRASKA ASH_tile_design.png,extracted_images\60x60 MATT\NEBRASKA ASH_design_preview.png,60x60em,Matt Finish,"Wall Tiles / Floor Tiles, Random Design, Fire Resistance, Easy Maintenance, Residential / Commercial Area"
NEBRASKA CAMEL,Glazed Vitrified Tiles,extracted_images\60x60 MATT\NEBRASKA CAMEL_tile_design.png,extracted_images\60x60 MATT\NEBRASKA CAMEL_design_preview.png,60x60em,Matt Finish,"Wall Tiles / Floor Tiles, Random Design, Fire Resistance, Easy Maintenance, Residential / Commercial Area"
NEBRASKA CREMA,Glazed Vitrified Tiles,extracted_images\60x60 MATT\NEBRASKA CREMA_tile_design.png,extracted_images\60x60 MATT\NEBRASKA CREMA_design_preview.png,60x60em,Matt Finish,"Wall Tiles / Floor Tiles, Random Design, Fire Resistance, Easy Maintenance, Residential / Commercial Area"
NEBRASKA NOGAL,Glazed Vitrified Tiles,extracted_images\60x60 MATT\NEBRASKA NOGAL_tile_design.png,extracted_images\60x60 MATT\NEBRASKA NOGAL_design_preview.png,60x60em,Matt Finish,"Wall Tiles / Floor Tiles, Random Design, Fire Resistance, Easy Maintenance, Residential / Commercial Area"
NORTHSTONE WHIT,Glazed Vitrified Tiles,extracted_images\60x60 MATT\NORTHSTONE WHIT_tile_design.png,extracted_images\60x60 MATT\NORTHSTONE WHIT_design_preview.png,60x60em,Matt Finish,"Wall Tiles / Floor Tiles, Random Design, Fire Resistance, Easy Maintenance, Residential / Commercial Area"
NORWAY BIANCO -,Glazed Vitrified Tiles,extracted_images\60x60 MATT\NORWAY BIANCO -_tile_design.png,extracted_images\60x60 MATT\NORWAY BIANCO -_design_preview.png,60x60erm,Matt Finish,"Wall Tiles / Floor Tiles, Random Design, Fire Resistance, Easy Maintenance, Residential / Commercial Area"
NORWAY BROWN -,Glazed Vitrified Tiles,extracted_images\60x60 MATT\NORWAY BROWN -_tile_design.png,extracted_images\60x60 MATT\NORWAY BROWN -_design_preview.png,60x60em,Matt Finish,
NORWAY CREAMA -,Glazed Vitrified Tiles,extracted_images\60x60 MATT\NORWAY CREAMA -_tile_design.png,extracted_images\60x60 MATT\NORWAY CREAMA -_design_preview.png,60x60erm,Matt Finish,"Wall Tiles / Floor Tiles, Random Design, Fire Resistance, Easy Maintenance, Residential / Commercial Area"
NORWAY GREY - M.,Glazed Vitrified Tiles,extracted_images\60x60 MATT\NORWAY GREY - M._tile_design.png,extracted_images\60x60 MATT\NORWAY GREY - M._design_preview.png,60x60erm,Matt Finish,"Wall Tiles / Floor Tiles, Random Design, Fire Resistance, Easy Maintenance, Residential / Commercial Area"
NORWAY IVORY - M,Glazed Vitrified Tiles,extracted_images\60x60 MATT\NORWAY IVORY - M_tile_design.png,extracted_images\60x60 MATT\NORWAY IVORY - M_design_preview.png,60x60erm,Matt Finish,"Wall Tiles / Floor Tiles, Random Design, Fire Resistance, Easy Maintenance, Residential / Commercial Area"
NEXUS BIANCO -M,Glazed Vitrified Tiles,extracted_images\60x60 MATT\NEXUS BIANCO -M_tile_design.png,extracted_images\60x60 MATT\NEXUS BIANCO -M_design_preview.png,60x60em,Matt Finish,"Wall Tiles / Floor Tiles, Unknown, Fire Resistance, Easy Maintenance, Residential / Commercial Area"
NEXUS GRIS - MATT,Glazed Vitrified Tiles,extracted_images\60x60 MATT\NEXUS GRIS - MATT_tile_design.png,extracted_images\60x60 MATT\NEXUS GRIS - MATT_design_preview.png,60x60em,Matt Finish,"Wall Tiles / Floor Tiles, Unknown, Fire Resistance, Easy Maintenance, Residential / Commercial Area"
NEXUS LIGHT - MAT,Glazed Vitrified Tiles,extracted_images\60x60 MATT\NEXUS LIGHT - MAT_tile_design.png,extracted_images\60x60 MATT\NEXUS LIGHT - MAT_design_preview.png,60x60em,Matt Finish,"Wall Tiles / Floor Tiles, Unknown, Fire Resistance, Easy Maintenance, Residential / Commercial Area"
RODANO COTO,Glazed Vitrified Tiles,extracted_images\60x60 MATT\RODANO COTO_tile_design.png,extracted_images\60x60 MATT\RODANO COTO_design_preview.png,60x60em,Matt Finish,"Wall Tiles / Floor Tiles, Random Design, Fire Resistance, Easy Maintenance, Residential / Commercial Area"
RODANO DARK,Glazed Vitrified Tiles,extracted_images\60x60 MATT\RODANO DARK_tile_design.png,extracted_images\60x60 MATT\RODANO DARK_design_preview.png,60x60em,Matt Finish,"Wall Tiles / Floor Tiles, Random Design, Fire Resistance, Easy Maintenance, Residential / Commercial Area"
SMOKY GREY,Glazed Vitrified Tiles,extracted_images\60x60 MATT\SMOKY GREY_tile_design.png,extracted_images\60x60 MATT\SMOKY GREY_design_preview.png,60x60em,Matt Finish,"Wall Tiles / Floor Tiles, Random Design, Fire Resistance, Easy Maintenance, Residential / Commercial Area"
SMOKY IVORY COT,Glazed Vitrified Tiles,extracted_images\60x60 MATT\SMOKY IVORY COT_tile_design.png,extracted_images\60x60 MATT\SMOKY IVORY COT_design_preview.png,60x60em,Matt Finish,"Wall Tiles / Floor Tiles, Random Design, Fire Resistance, Easy Maintenance, Residential / Commercial Area"
STONE AGE,Glazed Vitrified Tiles,extracted_images\60x60 MATT\STONE AGE_tile_design.png,extracted_images\60x60 MATT\STONE AGE_design_preview.png,,Unknown,"Wall Tiles / Floor Tiles, Random Design, Fire Resistance, Easy Maintenance, Residential / Commercial Area, Unknown, Unknown, Unknown, Unknown, Unknown"
TRIDENT CREMA - h,Glazed Vitrified Tiles,extracted_images\60x60 MATT\TRIDENT CREMA - h_tile_design.png,extracted_images\60x60 MATT\TRIDENT CREMA - h_design_preview.png,60x60em,Matt Finish,"Unknown, Unknown, Fire Resistance, Unknown, Unknown"
TROPICAL IVORY,Glazed Vitrified Tiles,extracted_images\60x60 MATT\TROPICAL IVORY_tile_design.png,extracted_images\60x60 MATT\TROPICAL IVORY_design_preview.png,60x60em,Matt Finish,"Wall Tiles / Floor Tiles, Random Design, Fire Resistance, Easy Maintenance, Residential / Commercial Area"
WALNUT CHERRY,Glazed Vitrified Tiles,extracted_images\60x60 MATT\WALNUT CHERRY_tile_design.png,extracted_images\60x60 MATT\WALNUT CHERRY_design_preview.png,60x60em,Matt Finish,"Wall Tiles / Floor Tiles, Random Design, Fire Resistance, Easy Maintenance, Residential / Commercial Area"
WALNUT BIRCH,Glazed Vitrified Tiles,extracted_images\60x60 MATT\WALNUT BIRCH_tile_design.png,extracted_images\60x60 MATT\WALNUT BIRCH_design_preview.png,60x60em,Matt Finish,"Wall Tiles / Floor Tiles, Random Design, Fire Resistance, Easy Maintenance, Residential / Commercial Area"
STATUARIO BIANCC,Glazed Vitrified Tiles,extracted_images\60x60 pgvt\STATUARIO BIANCC_tile_design.png,extracted_images\60x60 pgvt\STATUARIO BIANCC_design_preview.png,60x60crm,Glossy Finish,"Wall Tiles / Floor Tiles, Random Design, Fire Resistance, Easy Maintenance, Residential / Commercial Area"
STATUARIO CLASSIC,Glazed Vitrified Tiles,extracted_images\60x60 pgvt\STATUARIO CLASSIC_tile_design.png,extracted_images\60x60 pgvt\STATUARIO CLASSIC_design_preview.png,60x60crm,Glossy Finish,"Wall Tiles / Floor Tiles, Random Design, Fire Resistance, Easy Maintenance, Residential / Commercial Area"
CARRARA POLARIS,Glazed Vitrified Tiles,extracted_images\60x60 pgvt\CARRARA POLARIS_tile_design.png,extracted_images\60x60 pgvt\CARRARA POLARIS_design_preview.png,60x60crm,Glossy Finish,"Wall Tiles / Floor Tiles, Random Design, Fire Resistance, Easy Maintenance, Residential / Commercial Area"
CALCATTA PULIDO,Glazed Vitrified Tiles,extracted_images\60x60 pgvt\CALCATTA PULIDO_tile_design.png,extracted_images\60x60 pgvt\CALCATTA PULIDO_design_preview.png,60x60erm,Glossy Finish,"Wall Tiles / Floor Tiles, Random Design, Fire Resistance, Easy Maintenance, Residential / Commercial Area"
ATLANTIC WHITE,Glazed Vitrified Tiles,extracted_images\60x60 pgvt\ATLANTIC WHITE_tile_design.png,extracted_images\60x60 pgvt\ATLANTIC WHITE_design_preview.png,60x60erm,Glossy Finish,"Wall Tiles / Floor Tiles, Random Design, Fire Resistance, Easy Maintenance, Residential / Commercial Area"
SPIDER GREY,Glazed Vitrified Tiles,extracted_images\60x60 pgvt\SPIDER GREY_tile_design.png,extracted_images\60x60 pgvt\SPIDER GREY_design_preview.png,60x60crm,Glossy Finish,"Wall Tiles / Floor Tiles, Random Design, Fire Resistance, Easy Maintenance, Residential / Commercial Area"
SPIDER BROWN,Glazed Vitrified Tiles,extracted_images\60x60 pgvt\SPIDER BROWN_tile_design.png,extracted_images\60x60 pgvt\SPIDER BROWN_design_preview.png,60x60crm,Glossy Finish,"Wall Tiles / Floor Tiles, Random Design, Fire Resistance, Easy Maintenance, Residential / Commercial Area"
ROYAL STATUARIO,Glazed Vitrified Tiles,extracted_images\60x60 pgvt\ROYAL STATUARIO_tile_design.png,extracted_images\60x60 pgvt\ROYAL STATUARIO_design_preview.png,60x60crm,Glossy Finish,"Wall Tiles / Floor Tiles, Random Design, Fire Resistance, Easy Maintenance, Residential / Commercial Area"
MARINA STATUARIC,Glazed Vitrified Tiles,extracted_images\60x60 pgvt\MARINA STATUARIC_tile_design.png,extracted_images\60x60 pgvt\MARINA STATUARIC_design_preview.png,60x60crm,Glossy Finish,"Wall Tiles / Floor Tiles, Random Design, Fire Resistance, Easy Maintenance, Residential / Commercial Area"
SAM STATUARIO,Glazed Vitrified Tiles,extracted_images\60x60 pgvt\SAM STATUARIO_tile_design.png,extracted_images\60x60 pgvt\SAM STATUARIO_design_preview.png,60x60crm,Glossy Finish,"Wall Tiles / Floor Tiles, Random Design, Fire Resistance, Easy Maintenance, Residential / Commercial Area"
VOLAKAS STATUARI,Glazed Vitrified Tiles,extracted_images\60x60 pgvt\VOLAKAS STATUARI_tile_design.png,extracted_images\60x60 pgvt\VOLAKAS STATUARI_design_preview.png,60x60crm,Glossy Finish,"Wall Tiles / Floor Tiles, Random Design, Fire Resistance, Easy Maintenance, Residential / Commercial Area"
STATUARIO SOFT,Glazed Vitrified Tiles,extracted_images\60x60 pgvt\STATUARIO SOFT_tile_design.png,extracted_images\60x60 pgvt\STATUARIO SOFT_design_preview.png,60x60crm,Glossy Finish,"Wall Tiles / Floor Tiles, Random Design, Fire Resistance, Easy Maintenance, Residential / Commercial Area"
GOLD SATURIO,Glazed Vitrified Tiles,extracted_images\60x60 pgvt\GOLD SATURIO_tile_design.png,extracted_images\60x60 pgvt\GOLD SATURIO_design_preview.png,60x60crm,Glossy Finish,"Wall Tiles / Floor Tiles, Random Design, Fire Resistance, Easy Maintenance, Residential / Commercial Area"
SAREEN COLIN,Glazed Vitrified Tiles,extracted_images\60x60 pgvt\SAREEN COLIN_tile_design.png,extracted_images\60x60 pgvt\SAREEN COLIN_design_preview.png,60x60em,Glossy Finish,"Wall Tiles / Floor Tiles, Random Design, Fire Resistance, Easy Maintenance, Residential / Commercial Area"
SUPERB SATUARIO,Glazed Vitrified Tiles,extracted_images\60x60 pgvt\SUPERB SATUARIO_tile_design.png,extracted_images\60x60 pgvt\SUPERB SATUARIO_design_preview.png,60x60em,Glossy Finish,"Wall Tiles / Floor Tiles, Random Design, Fire Resistance, Easy Maintenance, Residential / Commercial Area"
CLASSIC CARARA,Glazed Vitrified Tiles,extracted_images\60x60 pgvt\CLASSIC CARARA_tile_design.png,extracted_images\60x60 pgvt\CLASSIC CARARA_design_preview.png,60x60crm,Glossy Finish,"Wall Tiles / Floor Tiles, Random Design, Fire Resistance, Easy Maintenance, Residential / Commercial Area"
CLASSIC BIEGE,Glazed Vitrified Tiles,extracted_images\60x60 pgvt\CLASSIC BIEGE_tile_design.png,extracted_images\60x60 pgvt\CLASSIC BIEGE_design_preview.png,60x60crm,Glossy Finish,"Wall Tiles / Floor Tiles, Random Design, Fire Resistance, Easy Maintenance, Residential / Commercial Area"
BRECCIA GOLDEN,Glazed Vitrified Tiles,extracted_images\60x60 pgvt\BRECCIA GOLDEN_tile_design.png,extracted_images\60x60 pgvt\BRECCIA GOLDEN_design_preview.png,60x60erm,Glossy Finish,"Wall Tiles / Floor Tiles, Random Design, Fire Resistance, Easy Maintenance, Residential / Commercial Area"
BRECCIA BIEGE,Glazed Vitrified Tiles,extracted_images\60x60 pgvt\BRECCIA BIEGE_tile_design.png,extracted_images\60x60 pgvt\BRECCIA BIEGE_design_preview.png,60x60crm,Glossy Finish,"Wall Tiles / Floor Tiles, Random Design, Fire Resistance, Easy Maintenance, Residential / Commercial Area"
BRECCIA BLANCO,Glazed Vitrified Tiles,extracted_images\60x60 pgvt\BRECCIA BLANCO_tile_design.png,extracted_images\60x60 pgvt\BRECCIA BLANCO_design_preview.png,60x60crm,Glossy Finish,"Wall Tiles / Floor Tiles, Random Design, Fire Resistance, Easy Maintenance, Residential / Commercial Area"
BRECCIA ROYAL,Glazed Vitrified Tiles,extracted_images\60x60 pgvt\BRECCIA ROYAL_tile_design.png,extracted_images\60x60 pgvt\BRECCIA ROYAL_design_preview.png,60x60crm,Glossy Finish,"Wall Tiles / Floor Tiles, Random Design, Fire Resistance, Easy Maintenance, Residential / Commercial Area"
BRECCIA PERNICE,Glazed Vitrified Tiles,extracted_images\60x60 pgvt\BRECCIA PERNICE_tile_design.png,extracted_images\60x60 pgvt\BRECCIA PERNICE_design_preview.png,60x60crm,Glossy Finish,"Wall Tiles / Floor Tiles, Random Design, Fire Resistance, Easy Maintenance, Residential / Commercial Area"
BRECCIA CREMA,Glazed Vitrified Tiles,extracted_images\60x60 pgvt\BRECCIA CREMA_tile_design.png,extracted_images\60x60 pgvt\BRECCIA CREMA_design_preview.png,60x60crm,Glossy Finish,"Wall Tiles / Floor Tiles, Random Design, Fire Resistance, Easy Maintenance, Residential / Commercial Area"
BRECCIA GREY,Glazed Vitrified Tiles,extracted_images\60x60 pgvt\BRECCIA GREY_tile_design.png,extracted_images\60x60 pgvt\BRECCIA GREY_design_preview.png,60x60em,Glossy Finish,"Wall Tiles / Floor Tiles, Random Design, Fire Resistance, Easy Maintenance, Residential / Commercial Area"
BRECCIA NATURAL,Glazed Vitrified Tiles,extracted_images\60x60 pgvt\BRECCIA NATURAL_tile_design.png,extracted_images\60x60 pgvt\BRECCIA NATURAL_design_preview.png,60x60em,Glossy Finish,"Wall Tiles / Floor Tiles, Random Design, Fire Resistance, Easy Maintenance, Residential / Commercial Area"
BRECCIA IGNIS,Glazed Vitrified Tiles,extracted_images\60x60 pgvt\BRECCIA IGNIS_tile_design.png,extracted_images\60x60 pgvt\BRECCIA IGNIS_design_preview.png,60x600erm,Glossy Finish,"Wall Tiles / Floor Tiles, Random Design, Fire Resistance, Easy Maintenance, Residential / Commercial Area"
ATLANTA WHITE DIJ,Glazed Vitrified Tiles,extracted_images\60x60 pgvt\ATLANTA WHITE DIJ_tile_design.png,extracted_images\60x60 pgvt\ATLANTA WHITE DIJ_design_preview.png,60x60crm,Glossy Finish,"Wall Tiles / Floor Tiles, Random Design, Fire Resistance, Easy Maintenance, Residential / Commercial Area"
IMPERIAL CREMA,Glazed Vitrified Tiles,extracted_images\60x60 pgvt\IMPERIAL CREMA_tile_design.png,extracted_images\60x60 pgvt\IMPERIAL CREMA_design_preview.png,60x60crm,Glossy Finish,"Wall Tiles / Floor Tiles, Random Design, Fire Resistance, Easy Maintenance, Residential / Commercial Area"
IMPERIAL BIEGE,Glazed Vitrified Tiles,extracted_images\60x60 pgvt\IMPERIAL BIEGE_tile_design.png,extracted_images\60x60 pgvt\IMPERIAL BIEGE_design_preview.png,60x60crm,Glossy Finish,"Wall Tiles / Floor Tiles, Random Design, Fire Resistance, Easy Maintenance, Residential / Commercial Area"
DYNA BIEGE,Glazed Vitrified Tiles,extracted_images\60x60 pgvt\DYNA BIEGE_tile_design.png,extracted_images\60x60 pgvt\DYNA BIEGE_design_preview.png,60x60crm,Glossy Finish,"Wall Tiles / Floor Tiles, Random Design, Fire Resistance, Easy Maintenance, Residential / Commercial Area"
CLASSIC DYNA,Glazed Vitrified Tiles,extracted_images\60x60 pgvt\CLASSIC DYNA_tile_design.png,extracted_images\60x60 pgvt\CLASSIC DYNA_design_preview.png,60x60crm,Glossy Finish,"Wall Tiles / Floor Tiles, Random Design, Fire Resistance, Easy Maintenance, Residential / Commercial Area"
DYNA CREMA,Glazed Vitrified Tiles,extracted_images\60x60 pgvt\DYNA CREMA_tile_design.png,extracted_images\60x60 pgvt\DYNA CREMA_design_preview.png,60x60em,Glossy Finish,"Wall Tiles / Floor Tiles, Random Design, Fire Resistance, Easy Maintenance, Residential / Commercial Area"
PEARL ONYX,Glazed Vitrified Tiles,extracted_images\60x60 pgvt\PEARL ONYX_tile_design.png,extracted_images\60x60 pgvt\PEARL ONYX_design_preview.png,60x60crm,Glossy Finish,"Wall Tiles / Floor Tiles, Random Design, Fire Resistance, Easy Maintenance, Residential / Commercial Area"
IRANI ONYX,Glazed Vitrified Tiles,extracted_images\60x60 pgvt\IRANI ONYX_tile_design.png,extracted_images\60x60 pgvt\IRANI ONYX_design_preview.png,60x60crm,Glossy Finish,"Wall Tiles / Floor Tiles, Random Design, Fire Resistance, Easy Maintenance, Residential / Commercial Area"
STONEY BROWN ON,Glazed Vitrified Tiles,extracted_images\60x60 pgvt\STONEY BROWN ON_tile_design.png,extracted_images\60x60 pgvt\STONEY BROWN ON_design_preview.png,60x60crm,Glossy Finish,"Wall Tiles / Floor Tiles, Random Design, Fire Resistance, Easy Maintenance, Residential / Commercial Area"
CLOUDY ONYX,Glazed Vitrified Tiles,extracted_images\60x60 pgvt\CLOUDY ONYX_tile_design.png,extracted_images\60x60 pgvt\CLOUDY ONYX_design_preview.png,60x60crm,Glossy Finish,"Wall Tiles / Floor Tiles, Random Design, Fire Resistance, Easy Maintenance, Residential / Commercial Area"
GOLDEN ONYX,Glazed Vitrified Tiles,extracted_images\60x60 pgvt\GOLDEN ONYX_tile_design.png,extracted_images\60x60 pgvt\GOLDEN ONYX_design_preview.png,60x60crm,Glossy Finish,"Wall Tiles / Floor Tiles, Random Design, Fire Resistance, Easy Maintenance, Residential / Commercial Area"
NEO ONYX,Glazed Vitrified Tiles,extracted_images\60x60 pgvt\NEO ONYX_tile_design.png,extracted_images\60x60 pgvt\NEO ONYX_design_preview.png,60x60crm,Glossy Finish,"Wall Tiles / Floor Tiles, Random Design, Fire Resistance, Easy Maintenance, Residential / Commercial Area"
NEO ONYX BEIGE,Glazed Vitrified Tiles,extracted_images\60x60 pgvt\NEO ONYX BEIGE_tile_design.png,extracted_images\60x60 pgvt\NEO ONYX BEIGE_design_preview.png,60x60crm,Glossy Finish,"Wall Tiles / Floor Tiles, Random Design, Fire Resistance, Easy Maintenance, Residential / Commercial Area"
IRIS BIEGE ONYX,Glazed Vitrified Tiles,extracted_images\60x60 pgvt\IRIS BIEGE ONYX_tile_design.png,extracted_images\60x60 pgvt\IRIS BIEGE ONYX_design_preview.png,60x60crm,Glossy Finish,"Wall Tiles / Floor Tiles, Random Design, Fire Resistance, Easy Maintenance, Residential / Commercial Area"
IRIS SILVER ONYX,Glazed Vitrified Tiles,extracted_images\60x60 pgvt\IRIS SILVER ONYX_tile_design.png,extracted_images\60x60 pgvt\IRIS SILVER ONYX_design_preview.png,60x60crm,Glossy Finish,"Wall Tiles / Floor Tiles, Random Design, Fire Resistance, Easy Maintenance, Residential / Commercial Area"
HONEY ONYX,Glazed Vitrified Tiles,extracted_images\60x60 pgvt\HONEY ONYX_tile_design.png,extracted_images\60x60 pgvt\HONEY ONYX_design_preview.png,60x60crm,Glossy Finish,"Wall Tiles / Floor Tiles, Random Design, Fire Resistance, Easy Maintenance, Residential / Commercial Area"
VANILLA BEIGE ONY,Glazed Vitrified Tiles,extracted_images\60x60 pgvt\VANILLA BEIGE ONY_tile_design.png,extracted_images\60x60 pgvt\VANILLA BEIGE ONY_design_preview.png,60x60crm,Glossy Finish,"Wall Tiles / Floor Tiles, Random Design, Fire Resistance, Easy Maintenance, Residential / Commercial Area"
VANILLA GRAY ONY,Glazed Vitrified Tiles,extracted_images\60x60 pgvt\VANILLA GRAY ONY_tile_design.png,extracted_images\60x60 pgvt\VANILLA GRAY ONY_design_preview.png,60x60crm,Glossy Finish,"Wall Tiles / Floor Tiles, Random Design, Fire Resistance, Easy Maintenance, Residential / Commercial Area"
GOLDEN WAVE ON’,Glazed Vitrified Tiles,extracted_images\60x60 pgvt\GOLDEN WAVE ON’_tile_design.png,extracted_images\60x60 pgvt\GOLDEN WAVE ON’_design_preview.png,60x60crm,Glossy Finish,"Wall Tiles / Floor Tiles, Random Design, Fire Resistance, Easy Maintenance, Residential / Commercial Area"
FAIRY BIEGE ONYX,Glazed Vitrified Tiles,extracted_images\60x60 pgvt\FAIRY BIEGE ONYX_tile_design.png,extracted_images\60x60 pgvt\FAIRY BIEGE ONYX_design_preview.png,60x60crm,Glossy Finish,"Wall Tiles / Floor Tiles, Random Design, Fire Resistance, Easy Maintenance, Residential / Commercial Area"
SIGMA ONYX,Glazed Vitrified Tiles,extracted_images\60x60 pgvt\SIGMA ONYX_tile_design.png,extracted_images\60x60 pgvt\SIGMA ONYX_design_preview.png,60x60crm,Glossy Finish,
ZOLA BIANCO,Glazed Vitrified Tiles,extracted_images\60x60 pgvt\ZOLA BIANCO_tile_design.png,extracted_images\60x60 pgvt\ZOLA BIANCO_design_preview.png,60x60crm,Glossy Finish,"Wall Tiles / Floor Tiles, Random Design, Fire Resistance, Easy Maintenance, Residential / Commercial Area"
GRAND ONYX,Glazed Vitrified Tiles,extracted_images\60x60 pgvt\GRAND ONYX_tile_design.png,extracted_images\60x60 pgvt\GRAND ONYX_design_preview.png,60x60crm,Glossy Finish,"Wall Tiles / Floor Tiles, Random Design, Fire Resistance, Easy Maintenance, Residential / Commercial Area"
SAVIO BROWN,Glazed Vitrified Tiles,extracted_images\60x60 pgvt\SAVIO BROWN_tile_design.png,extracted_images\60x60 pgvt\SAVIO BROWN_design_preview.png,60x60em,Glossy Finish,"Wall Tiles / Floor Tiles, Random Design, Fire Resistance, Easy Maintenance, Residential / Commercial Area"
ONYX WHITE,Glazed Vitrified Tiles,extracted_images\60x60 pgvt\ONYX WHITE_tile_design.png,extracted_images\60x60 pgvt\ONYX WHITE_design_preview.png,60x60em,Glossy Finish,"Wall Tiles / Floor Tiles, Random Design, Fire Resistance, Easy Maintenance, Residential / Commercial Area"
ORACLE BLUE,Glazed Vitrified Tiles,extracted_images\60x60 pgvt\ORACLE BLUE_tile_design.png,extracted_images\60x60 pgvt\ORACLE BLUE_design_preview.png,60x60em,Glossy Finish,"Wall Tiles / Floor Tiles, Random Design, Fire Resistance, Easy Maintenance, Residential / Commercial Area"
TRAVENTINO GRAY,Glazed Vitrified Tiles,extracted_images\60x60 pgvt\TRAVENTINO GRAY_tile_design.png,extracted_images\60x60 pgvt\TRAVENTINO GRAY_design_preview.png,60x60crm,Glossy Finish,"Wall Tiles / Floor Tiles, Random Design, Fire Resistance, Easy Maintenance, Residential / Commercial Area"
DUSK BEIGE,Glazed Vitrified Tiles,extracted_images\60x60 pgvt\DUSK BEIGE_tile_design.png,extracted_images\60x60 pgvt\DUSK BEIGE_design_preview.png,60x60crm,Glossy Finish,"Wall Tiles / Floor Tiles, Random Design, Fire Resistance, Easy Maintenance, Residential / Commercial Area"
TRAVERTINO CLASS,Glazed Vitrified Tiles,extracted_images\60x60 pgvt\TRAVERTINO CLASS_tile_design.png,extracted_images\60x60 pgvt\TRAVERTINO CLASS_design_preview.png,60x60crm,Glossy Finish,"Wall Tiles / Floor Tiles, Random Design, Fire Resistance, Easy Maintenance, Residential / Commercial Area"
ITALIAN NETURAL S$’,Glazed Vitrified Tiles,extracted_images\60x60 pgvt\ITALIAN NETURAL S$’_tile_design.png,extracted_images\60x60 pgvt\ITALIAN NETURAL S$’_design_preview.png,60x60crm,Glossy Finish,"Wall Tiles / Floor Tiles, Random Design, Fire Resistance, Easy Maintenance, Residential / Commercial Area"
BEIGE TRAVERTINO,Glazed Vitrified Tiles,extracted_images\60x60 pgvt\BEIGE TRAVERTINO_tile_design.png,extracted_images\60x60 pgvt\BEIGE TRAVERTINO_design_preview.png,60x60em,Glossy Finish,"Wall Tiles / Floor Tiles, Random Design, Fire Resistance, Easy Maintenance, Residential / Commercial Area"
PIETRA CREMA,Glazed Vitrified Tiles,extracted_images\60x60 pgvt\PIETRA CREMA_tile_design.png,extracted_images\60x60 pgvt\PIETRA CREMA_design_preview.png,60x60crm,Glossy Finish,"Wall Tiles / Floor Tiles, Random Design, Fire Resistance, Easy Maintenance, Residential / Commercial Area"
PIETRA GREY,Glazed Vitrified Tiles,extracted_images\60x60 pgvt\PIETRA GREY_tile_design.png,extracted_images\60x60 pgvt\PIETRA GREY_design_preview.png,60x60crm,Glossy Finish,"Wall Tiles / Floor Tiles, Random Design, Fire Resistance, Easy Maintenance, Residential / Commercial Area"
ELEGANT CREMA,Glazed Vitrified Tiles,extracted_images\60x60 pgvt\ELEGANT CREMA_tile_design.png,extracted_images\60x60 pgvt\ELEGANT CREMA_design_preview.png,60x60crm,Glossy Finish,"Wall Tiles / Floor Tiles, Random Design, Fire Resistance, Easy Maintenance, Residential / Commercial Area"
AVARIO GREY,Glazed Vitrified Tiles,extracted_images\60x60 pgvt\AVARIO GREY_tile_design.png,extracted_images\60x60 pgvt\AVARIO GREY_design_preview.png,60x60crm,Glossy Finish,"Wall Tiles / Floor Tiles, Random Design, Fire Resistance, Easy Maintenance, Residential / Commercial Area"
SOFITA GOLD,Glazed Vitrified Tiles,extracted_images\60x60 pgvt\SOFITA GOLD_tile_design.png,extracted_images\60x60 pgvt\SOFITA GOLD_design_preview.png,60x60crm,Glossy Finish,"Wall Tiles / Floor Tiles, Random Design, Fire Resistance, Easy Maintenance, Residential / Commercial Area"
DAYTON GREYT,Glazed Vitrified Tiles,extracted_images\60x60 pgvt\DAYTON GREYT_tile_design.png,extracted_images\60x60 pgvt\DAYTON GREYT_design_preview.png,60x60crm,Glossy Finish,"Wall Tiles / Floor Tiles, Random Design, Fire Resistance, Easy Maintenance, Residential / Commercial Area"
SANTAFE CREMA,Glazed Vitrified Tiles,extracted_images\60x60 pgvt\SANTAFE CREMA_tile_design.png,extracted_images\60x60 pgvt\SANTAFE CREMA_design_preview.png,60x60crm,Glossy Finish,"Wall Tiles / Floor Tiles, Random Design, Fire Resistance, Easy Maintenance, Residential / Commercial Area"
CEMENTO GRAY,Glazed Vitrified Tiles,extracted_images\60x60 pgvt\CEMENTO GRAY_tile_design.png,extracted_images\60x60 pgvt\CEMENTO GRAY_design_preview.png,60x60,Glossy Finish,"Wall Tiles / Floor Tiles, Random Design, Fire Resistance, Easy Maintenance, Residential / Commercial Area"
QUERY BEIGE,Glazed Vitrified Tiles,extracted_images\60x60 pgvt\QUERY BEIGE_tile_design.png,extracted_images\60x60 pgvt\QUERY BEIGE_design_preview.png,60x60crm,Glossy Finish,"Wall Tiles / Floor Tiles, Random Design, Fire Resistance, Easy Maintenance, Residential / Commercial Area"
QUERY GREY,Glazed Vitrified Tiles,extracted_images\60x60 pgvt\QUERY GREY_tile_design.png,extracted_images\60x60 pgvt\QUERY GREY_design_preview.png,60x60erm,Glossy Finish,
SILK ANTALYA,Glazed Vitrified Tiles,extracted_images\60x60 pgvt\SILK ANTALYA_tile_design.png,extracted_images\60x60 pgvt\SILK ANTALYA_design_preview.png,60x60crm,Glossy Finish,
SILK CLASSIC,Glazed Vitrified Tiles,extracted_images\60x60 pgvt\SILK CLASSIC_tile_design.png,extracted_images\60x60 pgvt\SILK CLASSIC_design_preview.png,60x60crm,Glossy Finish,
JERICO BEIGE,Glazed Vitrified Tiles,extracted_images\60x60 pgvt\JERICO BEIGE_tile_design.png,extracted_images\60x60 pgvt\JERICO BEIGE_design_preview.png,60x60crm,Glossy Finish,
ROSALIA LAVA,Glazed Vitrified Tiles,extracted_images\60x60 pgvt\ROSALIA LAVA_tile_design.png,extracted_images\60x60 pgvt\ROSALIA LAVA_design_preview.png,60x60crm,Glossy Finish,
ALASKA GREY,Glazed Vitrified Tiles,extracted_images\60x60 pgvt\ALASKA GREY_tile_design.png,extracted_images\60x60 pgvt\ALASKA GREY_design_preview.png,60x60erm,Glossy Finish,
BOTTICHINO CLASS,Glazed Vitrified Tiles,extracted_images\60x60 pgvt\BOTTICHINO CLASS_tile_design.png,extracted_images\60x60 pgvt\BOTTICHINO CLASS_design_preview.png,60x60crm,Glossy Finish,
KENYA BEIGE,Glazed Vitrified Tiles,extracted_images\60x60 pgvt\KENYA BEIGE_tile_design.png,extracted_images\60x60 pgvt\KENYA BEIGE_design_preview.png,60x60crm,Glossy Finish,"Wall Tiles / Floor Tiles, Random Design, Fire Resistance, Easy Maintenance, Residential / Commercial Area"
WINDSOR GREY,Glazed Vitrified Tiles,extracted_images\60x60 pgvt\WINDSOR GREY_tile_design.png,extracted_images\60x60 pgvt\WINDSOR GREY_design_preview.png,60x60crm,Glossy Finish,"Wall Tiles / Floor Tiles, Random Design, Fire Resistance, Easy Maintenance, Residential / Commercial Area"
FRENCH COPPER,Glazed Vitrified Tiles,extracted_images\60x60 pgvt\FRENCH COPPER_tile_design.png,extracted_images\60x60 pgvt\FRENCH COPPER_design_preview.png,60x60crm,Glossy Finish,"Wall Tiles / Floor Tiles, Random Design, Fire Resistance, Easy Maintenance, Residential / Commercial Area"
CREMA MARFIL,Glazed Vitrified Tiles,extracted_images\60x60 pgvt\CREMA MARFIL_tile_design.png,extracted_images\60x60 pgvt\CREMA MARFIL_design_preview.png,60x60crm,Glossy Finish,"Wall Tiles / Floor Tiles, Random Design, Fire Resistance, Easy Maintenance, Residential / Commercial Area"
CANNON GRIS,Glazed Vitrified Tiles,extracted_images\60x60 pgvt\CANNON GRIS_tile_design.png,extracted_images\60x60 pgvt\CANNON GRIS_design_preview.png,60x60crm,Glossy Finish,"Wall Tiles / Floor Tiles, Random Design, Fire Resistance, Easy Maintenance, Residential / Commercial Area"
AROMA BIEGE,Glazed Vitrified Tiles,extracted_images\60x60 pgvt\AROMA BIEGE_tile_design.png,extracted_images\60x60 pgvt\AROMA BIEGE_design_preview.png,60x60crm,Glossy Finish,"Wall Tiles / Floor Tiles, Random Design, Fire Resistance, Easy Maintenance, Residential / Commercial Area"
SOFT MARLIN CREM,Glazed Vitrified Tiles,extracted_images\60x60 pgvt\SOFT MARLIN CREM_tile_design.png,extracted_images\60x60 pgvt\SOFT MARLIN CREM_design_preview.png,60x60crm,Glossy Finish,"Wall Tiles / Floor Tiles, Random Design, Fire Resistance, Easy Maintenance, Residential / Commercial Area"
TRIDENT CREMA,Glazed Vitrified Tiles,extracted_images\60x60 pgvt\TRIDENT CREMA_tile_design.png,extracted_images\60x60 pgvt\TRIDENT CREMA_design_preview.png,60x60crm,Glossy Finish,"Wall Tiles / Floor Tiles, Random Design, Fire Resistance, Easy Maintenance, Residential / Commercial Area"
CANYON BROWN,Glazed Vitrified Tiles,extracted_images\60x60 pgvt\CANYON BROWN_tile_design.png,extracted_images\60x60 pgvt\CANYON BROWN_design_preview.png,60x60em,Glossy Finish,"Wall Tiles / Floor Tiles, Random Design, Fire Resistance, Easy Maintenance, Residential / Commercial Area"
CANYON GREY,Glazed Vitrified Tiles,extracted_images\60x60 pgvt\CANYON GREY_tile_design.png,extracted_images\60x60 pgvt\CANYON GREY_design_preview.png,60x60em,Glossy Finish,"Wall Tiles / Floor Tiles, Random Design, Fire Resistance, Easy Maintenance, Residential / Commercial Area"
CEMENTO MOSAIC,Glazed Vitrified Tiles,extracted_images\60x60 pgvt\CEMENTO MOSAIC_tile_design.png,extracted_images\60x60 pgvt\CEMENTO MOSAIC_design_preview.png,60x60em,Glossy Finish,"Wall Tiles / Floor Tiles, Random Design, Fire Resistance, Easy Maintenance, Residential / Commercial Area"
CREMA NOVA,Glazed Vitrified Tiles,extracted_images\60x60 pgvt\CREMA NOVA_tile_design.png,extracted_images\60x60 pgvt\CREMA NOVA_design_preview.png,60x60em,Glossy Finish,"Wall Tiles / Floor Tiles, Random Design, Fire Resistance, Easy Maintenance, Residential / Commercial Area"
EIFFEL BEIGE,Glazed Vitrified Tiles,extracted_images\60x60 pgvt\EIFFEL BEIGE_tile_design.png,extracted_images\60x60 pgvt\EIFFEL BEIGE_design_preview.png,60x60em,Glossy Finish,"Wall Tiles / Floor Tiles, Random Design, Fire Resistance, Easy Maintenance, Residential / Commercial Area"
EIFFEL GREY,Glazed Vitrified Tiles,extracted_images\60x60 pgvt\EIFFEL GREY_tile_design.png,extracted_images\60x60 pgvt\EIFFEL GREY_design_preview.png,60x600em,Glossy Finish,"Wall Tiles / Floor Tiles, Random Design, Fire Resistance, Easy Maintenance, Residential / Commercial Area"
PISTA CHIPS,Glazed Vitrified Tiles,extracted_images\60x60 pgvt\PISTA CHIPS_tile_design.png,extracted_images\60x60 pgvt\PISTA CHIPS_design_preview.png,60x60em,Glossy Finish,"Wall Tiles / Floor Tiles, Random Design, Fire Resistance, Easy Maintenance, Residential / Commercial Area"
NORWAY IVORY,Glazed Vitrified Tiles,extracted_images\60x60 pgvt\NORWAY IVORY_tile_design.png,extracted_images\60x60 pgvt\NORWAY IVORY_design_preview.png,60x60cm,Glossy Finish,"Wall Tiles / Floor Tiles, Random Design, Fire Resistance, Easy Maintenance, Residential / Commercial Area"
NORWAY BROWN,Glazed Vitrified Tiles,extracted_images\60x60 pgvt\NORWAY BROWN_tile_design.png,extracted_images\60x60 pgvt\NORWAY BROWN_design_preview.png,60x60cm,Glossy Finish,"Wall Tiles / Floor Tiles, Unknown, Fire Resistance, Unknown, Residential / Commercial Area"
NORWAY CREAMA,Glazed Vitrified Tiles,extracted_images\60x60 pgvt\NORWAY CREAMA_tile_design.png,extracted_images\60x60 pgvt\NORWAY CREAMA_design_preview.png,60x60cm,Glossy Finish,"Wall Tiles / Floor Tiles, Random Design, Fire Resistance, Easy Maintenance, Residential / Commercial Area"
NORWAY BIANCO,Glazed Vitrified Tiles,extracted_images\60x60 pgvt\NORWAY BIANCO_tile_design.png,extracted_images\60x60 pgvt\NORWAY BIANCO_design_preview.png,60x60cm,Glossy Finish,"Wall Tiles / Floor Tiles, Random Design, Fire Resistance, Easy Maintenance, Residential / Commercial Area"
NORWAY LIGHT,Glazed Vitrified Tiles,extracted_images\60x60 pgvt\NORWAY LIGHT_tile_design.png,extracted_images\60x60 pgvt\NORWAY LIGHT_design_preview.png,60x60cm,Glossy Finish,"Wall Tiles / Floor Tiles, Random Design, Fire Resistance, Easy Maintenance, Residential / Commercial Area"
NORWAY GREY,Glazed Vitrified Tiles,extracted_images\60x60 pgvt\NORWAY GREY_tile_design.png,extracted_images\60x60 pgvt\NORWAY GREY_design_preview.png,60x60cm,Glossy Finish,"Wall Tiles / Floor Tiles, Random Design, Fire Resistance, Easy Maintenance, Residential / Commercial Area"
NEXUS LIGHT,Glazed Vitrified Tiles,extracted_images\60x60 pgvt\NEXUS LIGHT_tile_design.png,extracted_images\60x60 pgvt\NEXUS LIGHT_design_preview.png,60x60cm,Glossy Finish,"Wall Tiles / Floor Tiles, Random Design, Fire Resistance, Easy Maintenance, Residential / Commercial Area"
NEXUS BIANCO,Glazed Vitrified Tiles,extracted_images\60x60 pgvt\NEXUS BIANCO_tile_design.png,extracted_images\60x60 pgvt\NEXUS BIANCO_design_preview.png,60x60cm,Glossy Finish,"Wall Tiles / Floor Tiles, Random Design, Fire Resistance, Easy Maintenance, Residential / Commercial Area"
NEXUS GRIS,Glazed Vitrified Tiles,extracted_images\60x60 pgvt\NEXUS GRIS_tile_design.png,extracted_images\60x60 pgvt\NEXUS GRIS_design_preview.png,60x60cm,Glossy Finish,"Wall Tiles / Floor Tiles, Random Design, Fire Resistance, Easy Maintenance, Residential / Commercial Area"
ARISTON GRAY,Glazed Vitrified Tiles,extracted_images\60x60 pgvt\ARISTON GRAY_tile_design.png,extracted_images\60x60 pgvt\ARISTON GRAY_design_preview.png,60x60em,High Glossy Finish,"Wall Tiles / Floor Tiles, Random Design, Fire Resistance, Easy Maintenance, Residential / Commercial Area"
ATLANTIC ONYX,Glazed Vitrified Tiles,extracted_images\60x60 pgvt\ATLANTIC ONYX_tile_design.png,extracted_images\60x60 pgvt\ATLANTIC ONYX_design_preview.png,60x60em,High Glossy Finish,"Wall Tiles / Floor Tiles, Random Design, Fire Resistance, Easy Maintenance, Residential / Commercial Area"
KASHMIRI ONYX,Glazed Vitrified Tiles,extracted_images\60x60 pgvt\KASHMIRI ONYX_tile_design.png,extracted_images\60x60 pgvt\KASHMIRI ONYX_design_preview.png,60x60em,High Glossy Finish,"Wall Tiles / Floor Tiles, Random Design, Fire Resistance, Easy Maintenance, Residential / Commercial Area"
KILIMANJARO ONY,Glazed Vitrified Tiles,extracted_images\60x60 pgvt\KILIMANJARO ONY_tile_design.png,extracted_images\60x60 pgvt\KILIMANJARO ONY_design_preview.png,60x60em,High Glossy Finish,"Wall Tiles / Floor Tiles, Random Design, Fire Resistance, Easy Maintenance, Residential / Commercial Area"
BLUE VINTAGE,Glazed Vitrified Tiles,extracted_images\60x60 pgvt\BLUE VINTAGE_tile_design.png,extracted_images\60x60 pgvt\BLUE VINTAGE_design_preview.png,60xé60cem,Glossy Finish,"Wall Tiles / Floor Tiles, Unknown, Fire Resistance, Unknown, Residential / Commercial Area"
BRITTON GREEN,Glazed Vitrified Tiles,extracted_images\60x60 pgvt\BRITTON GREEN_tile_design.png,extracted_images\60x60 pgvt\BRITTON GREEN_design_preview.png,60xé60cm,Glossy Finish,"Wall Tiles / Floor Tiles, Unknown, Fire Resistance, Unknown, Residential / Commercial Area"
COTO GREEN,Glazed Vitrified Tiles,extracted_images\60x60 pgvt\COTO GREEN_tile_design.png,extracted_images\60x60 pgvt\COTO GREEN_design_preview.png,60xé60cm,Glossy Finish,"Wall Tiles / Floor Tiles, Unknown, Fire Resistance, Unknown, Residential / Commercial Area"
CREECHVILLE GREE!,Glazed Vitrified Tiles,extracted_images\60x60 pgvt\CREECHVILLE GREE!_tile_design.png,extracted_images\60x60 pgvt\CREECHVILLE GREE!_design_preview.png,60xé60cm,Glossy Finish,"Wall Tiles / Floor Tiles, Unknown, Fire Resistance, Unknown, Residential / Commercial Area"
DALLAS VERDE,Glazed Vitrified Tiles,extracted_images\60x60 pgvt\DALLAS VERDE_tile_design.png,extracted_images\60x60 pgvt\DALLAS VERDE_design_preview.png,60xé60cm,Glossy Finish,"Wall Tiles / Floor Tiles, Unknown, Fire Resistance, Unknown, Residential / Commercial Area"
DANTE GREEN,Glazed Vitrified Tiles,extracted_images\60x60 pgvt\DANTE GREEN_tile_design.png,extracted_images\60x60 pgvt\DANTE GREEN_design_preview.png,60xé60cm,Glossy Finish,"Wall Tiles / Floor Tiles, Unknown, Fire Resistance, Unknown, Residential / Commercial Area"
DIANTHUS GREEN,Glazed Vitrified Tiles,extracted_images\60x60 pgvt\DIANTHUS GREEN_tile_design.png,extracted_images\60x60 pgvt\DIANTHUS GREEN_design_preview.png,60xé60cm,Glossy Finish,"Wall Tiles / Floor Tiles, Unknown, Fire Resistance, Unknown, Residential / Commercial Area"
ELEGANT GREEN,Glazed Vitrified Tiles,extracted_images\60x60 pgvt\ELEGANT GREEN_tile_design.png,extracted_images\60x60 pgvt\ELEGANT GREEN_design_preview.png,60xé60cm,Glossy Finish,"Wall Tiles / Floor Tiles, Unknown, Fire Resistance, Unknown, Residential / Commercial Area"
EMRALD GREEN,Glazed Vitrified Tiles,extracted_images\60x60 pgvt\EMRALD GREEN_tile_design.png,extracted_images\60x60 pgvt\EMRALD GREEN_design_preview.png,60xé60cm,Glossy Finish,"Wall Tiles / Floor Tiles, Unknown, Fire Resistance, Unknown, Residential / Commercial Area"
GREEN ONYX,Glazed Vitrified Tiles,extracted_images\60x60 pgvt\GREEN ONYX_tile_design.png,extracted_images\60x60 pgvt\GREEN ONYX_design_preview.png,60xé60cm,Glossy Finish,"Wall Tiles / Floor Tiles, Unknown, Fire Resistance, Unknown, Residential / Commercial Area"
MISTRO GREEN,Glazed Vitrified Tiles,extracted_images\60x60 pgvt\MISTRO GREEN_tile_design.png,extracted_images\60x60 pgvt\MISTRO GREEN_design_preview.png,60x60cm,Glossy Finish,"Wall Tiles / Floor Tiles, Random Design, Fire Resistance, Easy Maintenance, Residential / Commercial Area"
PAEEBAL GREEN,Glazed Vitrified Tiles,extracted_images\60x60 pgvt\PAEEBAL GREEN_tile_design.png,extracted_images\60x60 pgvt\PAEEBAL GREEN_design_preview.png,60xé60cm,Glossy Finish,"Wall Tiles / Floor Tiles, Unknown, Fire Resistance, Unknown, Residential / Commercial Area"
RAIN FOREST GREEN,Glazed Vitrified Tiles,extracted_images\60x60 pgvt\RAIN FOREST GREEN_tile_design.png,extracted_images\60x60 pgvt\RAIN FOREST GREEN_design_preview.png,60xé60cm,Glossy Finish,"Wall Tiles / Floor Tiles, Unknown, Fire Resistance, Unknown, Residential / Commercial Area"
ROOSEVELT GREEN,Glazed Vitrified Tiles,extracted_images\60x60 pgvt\ROOSEVELT GREEN_tile_design.png,extracted_images\60x60 pgvt\ROOSEVELT GREEN_design_preview.png,60xé60cm,Glossy Finish,"Wall Tiles / Floor Tiles, Unknown, Fire Resistance, Unknown, Residential / Commercial Area"
